one,in,R1,X1,X2,X3,X4,X5,X6,Y1
1,1,0,-2,-0.594063009920136,-1.52527133353679,-0.493119196718944,-0.161849162193736,-0.0822307170633164,4.28230574893152
1,1,0,-1,-0.594063009920136,-1.52527133353679,-0.493119196718944,-0.161849162193736,-0.0822307170633164,3.54780293424962
1,1,0,0,-0.594063009920136,-1.52527133353679,-0.493119196718944,-0.161849162193736,-0.0822307170633164,1.04642146402599
1,1,0,1,-0.594063009920136,-1.52527133353679,-0.493119196718944,-0.161849162193736,-0.0822307170633164,15.83266674389
1,1,0,2,-0.594063009920136,-1.52527133353679,-0.493119196718944,-0.161849162193736,-0.0822307170633164,10.2017204819409
1,2,0,-2,1.82480509925413,1.95060385066215,0.726964178867725,-1.23613735051924,0.362124879818203,2.39146614372713
1,2,1,-1,1.82480509925413,1.95060385066215,0.726964178867725,-1.23613735051924,0.362124879818203,0.467191794479193
1,2,1,0,1.82480509925413,1.95060385066215,0.726964178867725,-1.23613735051924,0.362124879818203,1.31938235676151
1,2,1,1,1.82480509925413,1.95060385066215,0.726964178867725,-1.23613735051924,0.362124879818203,7.22937218599609
1,2,1,2,1.82480509925413,1.95060385066215,0.726964178867725,-1.23613735051924,0.362124879818203,41.7753465980662
1,3,0,-2,-1.0312462640399,0.160430332025627,0.675960061684352,0.702697235034699,1.32696716221056,2.17156429841671
1,3,0,-1,-1.0312462640399,0.160430332025627,0.675960061684352,0.702697235034699,1.32696716221056,25.1921838689016
1,3,0,0,-1.0312462640399,0.160430332025627,0.675960061684352,0.702697235034699,1.32696716221056,4.62994069182371
1,3,1,1,-1.0312462640399,0.160430332025627,0.675960061684352,0.702697235034699,1.32696716221056,8.20517354972056
1,3,1,2,-1.0312462640399,0.160430332025627,0.675960061684352,0.702697235034699,1.32696716221056,61.2445987325735
1,4,0,-2,-0.358016651980959,0.527041952461147,1.3411836044335,0.837074532596181,-0.316475068275652,0.00730732574310872
1,4,0,-1,-0.358016651980959,0.527041952461147,1.3411836044335,0.837074532596181,-0.316475068275652,0.131033068972381
1,4,0,0,-0.358016651980959,0.527041952461147,1.3411836044335,0.837074532596181,-0.316475068275652,0.121925153397162
1,4,0,1,-0.358016651980959,0.527041952461147,1.3411836044335,0.837074532596181,-0.316475068275652,0.31019724836956
1,4,0,2,-0.358016651980959,0.527041952461147,1.3411836044335,0.837074532596181,-0.316475068275652,0.396839518457432
1,5,0,-2,-0.0392219850948207,-0.145901382552028,0.345997585166632,-0.0814347680952835,-0.866208596754077,0.525336326409439
1,5,0,-1,-0.0392219850948207,-0.145901382552028,0.345997585166632,-0.0814347680952835,-0.866208596754077,0.318289494740194
1,5,0,0,-0.0392219850948207,-0.145901382552028,0.345997585166632,-0.0814347680952835,-0.866208596754077,0.751857444825128
1,5,1,1,-0.0392219850948207,-0.145901382552028,0.345997585166632,-0.0814347680952835,-0.866208596754077,3.21650388079761
1,5,1,2,-0.0392219850948207,-0.145901382552028,0.345997585166632,-0.0814347680952835,-0.866208596754077,6.01159939886245
1,6,1,-2,0.508379384792006,0.163709028090227,-1.13264852577643,0.11338388660863,-0.167499948323673,8.69414037739453
1,6,0,-1,0.508379384792006,0.163709028090227,-1.13264852577643,0.11338388660863,-0.167499948323673,3.96365798635104
1,6,0,0,0.508379384792006,0.163709028090227,-1.13264852577643,0.11338388660863,-0.167499948323673,3.86424208990243
1,6,1,1,0.508379384792006,0.163709028090227,-1.13264852577643,0.11338388660863,-0.167499948323673,16.1178794634651
1,6,1,2,0.508379384792006,0.163709028090227,-1.13264852577643,0.11338388660863,-0.167499948323673,5.93281592641636
1,7,0,-2,-1.37965370465846,-0.846322855055799,-1.87803097485516,-1.72565856010901,-1.05568702933699,0.0062908828526643
1,7,0,-1,-1.37965370465846,-0.846322855055799,-1.87803097485516,-1.72565856010901,-1.05568702933699,0.0347474006947437
1,7,0,0,-1.37965370465846,-0.846322855055799,-1.87803097485516,-1.72565856010901,-1.05568702933699,0.130207139461255
1,7,0,1,-1.37965370465846,-0.846322855055799,-1.87803097485516,-1.72565856010901,-1.05568702933699,0.023968882022672
1,7,0,2,-1.37965370465846,-0.846322855055799,-1.87803097485516,-1.72565856010901,-1.05568702933699,0.0226060370922805
1,8,1,-2,2.442680818565,0.748761499293447,1.531148560904,0.65757154050405,-0.621996172935293,0.127374284944133
1,8,1,-1,2.442680818565,0.748761499293447,1.531148560904,0.65757154050405,-0.621996172935293,0.689840038929724
1,8,1,0,2.442680818565,0.748761499293447,1.531148560904,0.65757154050405,-0.621996172935293,0.505299605123271
1,8,1,1,2.442680818565,0.748761499293447,1.531148560904,0.65757154050405,-0.621996172935293,1.73366867113684
1,8,0,2,2.442680818565,0.748761499293447,1.531148560904,0.65757154050405,-0.621996172935293,4.87372787134241
1,9,0,-2,-2.67155915288836,-1.04251989180915,-2.57184104961849,-1.01383345551709,0.293983933182452,3.04874976632855
1,9,0,-1,-2.67155915288836,-1.04251989180915,-2.57184104961849,-1.01383345551709,0.293983933182452,2.88686117328864
1,9,1,0,-2.67155915288836,-1.04251989180915,-2.57184104961849,-1.01383345551709,0.293983933182452,2.40853712377373
1,9,0,1,-2.67155915288836,-1.04251989180915,-2.57184104961849,-1.01383345551709,0.293983933182452,2.26457111082839
1,9,0,2,-2.67155915288836,-1.04251989180915,-2.57184104961849,-1.01383345551709,0.293983933182452,3.6839247902445
1,10,1,-2,1.47694934426523,0.786234940666013,-0.336312701043105,-0.316466663894822,0.109706807388101,0.359972687260961
1,10,0,-1,1.47694934426523,0.786234940666013,-0.336312701043105,-0.316466663894822,0.109706807388101,0.789912476269985
1,10,0,0,1.47694934426523,0.786234940666013,-0.336312701043105,-0.316466663894822,0.109706807388101,0.351300325920669
1,10,1,1,1.47694934426523,0.786234940666013,-0.336312701043105,-0.316466663894822,0.109706807388101,0.667680856196969
1,10,1,2,1.47694934426523,0.786234940666013,-0.336312701043105,-0.316466663894822,0.109706807388101,0.938736307687073
1,11,0,-2,-1.37965370465846,-0.846322855055799,-1.87803097485516,-1.72565856010901,-1.05568702933699,0.0062908828526643
1,11,0,-1,-1.37965370465846,-0.846322855055799,-1.87803097485516,-1.72565856010901,-1.05568702933699,0.0347474006947437
1,11,0,0,-1.37965370465846,-0.846322855055799,-1.87803097485516,-1.72565856010901,-1.05568702933699,0.130207139461255
1,11,0,1,-1.37965370465846,-0.846322855055799,-1.87803097485516,-1.72565856010901,-1.05568702933699,0.023968882022672
1,11,0,2,-1.37965370465846,-0.846322855055799,-1.87803097485516,-1.72565856010901,-1.05568702933699,0.0226060370922805
1,12,0,-2,-0.521557462298096,-0.183927125220093,-0.230470683575075,0.780055716095729,2.08983099137732,0.434537335354098
1,12,1,-1,-0.521557462298096,-0.183927125220093,-0.230470683575075,0.780055716095729,2.08983099137732,2.89741528006418
1,12,0,0,-0.521557462298096,-0.183927125220093,-0.230470683575075,0.780055716095729,2.08983099137732,4.59768215035812
1,12,0,1,-0.521557462298096,-0.183927125220093,-0.230470683575075,0.780055716095729,2.08983099137732,4.8462467513109
1,12,1,2,-0.521557462298096,-0.183927125220093,-0.230470683575075,0.780055716095729,2.08983099137732,9.18192883478593
1,13,0,-2,0.539972889604365,-0.50168574333009,0.4349290805307,-1.02151988540322,0.276542835273793,0.0196367448490131
1,13,0,-1,0.539972889604365,-0.50168574333009,0.4349290805307,-1.02151988540322,0.276542835273793,0.367005840323354
1,13,0,0,0.539972889604365,-0.50168574333009,0.4349290805307,-1.02151988540322,0.276542835273793,0.284944992599242
1,13,1,1,0.539972889604365,-0.50168574333009,0.4349290805307,-1.02151988540322,0.276542835273793,0.31560456106456
1,13,1,2,0.539972889604365,-0.50168574333009,0.4349290805307,-1.02151988540322,0.276542835273793,1.76365631066991
1,14,0,-2,-1.04905568907734,0.881546036864947,-0.605190907148909,0.593131665621244,1.07008011635622,1.93094575051465
1,14,1,-1,-1.04905568907734,0.881546036864947,-0.605190907148909,0.593131665621244,1.07008011635622,2.68381793028737
1,14,0,0,-1.04905568907734,0.881546036864947,-0.605190907148909,0.593131665621244,1.07008011635622,9.78233144068941
1,14,0,1,-1.04905568907734,0.881546036864947,-0.605190907148909,0.593131665621244,1.07008011635622,26.0242696889739
1,14,0,2,-1.04905568907734,0.881546036864947,-0.605190907148909,0.593131665621244,1.07008011635622,5.67400760999278
1,15,0,-2,-1.22062956238183,-0.721887028475215,-0.527936097096289,0.901336543921689,0.371292941317697,1.09084063937218
1,15,1,-1,-1.22062956238183,-0.721887028475215,-0.527936097096289,0.901336543921689,0.371292941317697,1.79319132020421
1,15,1,0,-1.22062956238183,-0.721887028475215,-0.527936097096289,0.901336543921689,0.371292941317697,4.274565282006
1,15,1,1,-1.22062956238183,-0.721887028475215,-0.527936097096289,0.901336543921689,0.371292941317697,3.42890747282523
1,15,1,2,-1.22062956238183,-0.721887028475215,-0.527936097096289,0.901336543921689,0.371292941317697,0.407448227296023
1,16,0,-2,0.854009748325995,0.649509184275538,-0.130161371023401,-1.2877686100125,-0.324444614162938,0.216018097596728
1,16,0,-1,0.854009748325995,0.649509184275538,-0.130161371023401,-1.2877686100125,-0.324444614162938,4.14650565567091
1,16,0,0,0.854009748325995,0.649509184275538,-0.130161371023401,-1.2877686100125,-0.324444614162938,11.8246164685242
1,16,0,1,0.854009748325995,0.649509184275538,-0.130161371023401,-1.2877686100125,-0.324444614162938,3.71638615382055
1,16,1,2,0.854009748325995,0.649509184275538,-0.130161371023401,-1.2877686100125,-0.324444614162938,9.92975015783507
1,17,0,-2,-0.349565518888247,-0.857579006628722,-0.841139190362937,-1.58445972156647,-1.0121929077954,1.47959414300966
1,17,0,-1,-0.349565518888247,-0.857579006628722,-0.841139190362937,-1.58445972156647,-1.0121929077954,0.733369581039221
1,17,1,0,-0.349565518888247,-0.857579006628722,-0.841139190362937,-1.58445972156647,-1.0121929077954,2.536353685121
1,17,1,1,-0.349565518888247,-0.857579006628722,-0.841139190362937,-1.58445972156647,-1.0121929077954,4.37497303189892
1,17,0,2,-0.349565518888247,-0.857579006628722,-0.841139190362937,-1.58445972156647,-1.0121929077954,1.99336863601759
1,18,0,-2,-1.11988708725697,-1.78701311117376,-1.17253155139307,-1.74844518274337,0.357226660316449,0.943707434779445
1,18,0,-1,-1.11988708725697,-1.78701311117376,-1.17253155139307,-1.74844518274337,0.357226660316449,1.20442651768129
1,18,0,0,-1.11988708725697,-1.78701311117376,-1.17253155139307,-1.74844518274337,0.357226660316449,4.37421684109821
1,18,0,1,-1.11988708725697,-1.78701311117376,-1.17253155139307,-1.74844518274337,0.357226660316449,21.6601969706663
1,18,1,2,-1.11988708725697,-1.78701311117376,-1.17253155139307,-1.74844518274337,0.357226660316449,1.38854373645682
1,19,0,-2,-1.63105505917307,-1.13227451589675,0.268232905225665,0.312907477293184,0.466036630004587,0.766781152384398
1,19,1,-1,-1.63105505917307,-1.13227451589675,0.268232905225665,0.312907477293184,0.466036630004587,9.4912495472628
1,19,0,0,-1.63105505917307,-1.13227451589675,0.268232905225665,0.312907477293184,0.466036630004587,3.02608789311762
1,19,1,1,-1.63105505917307,-1.13227451589675,0.268232905225665,0.312907477293184,0.466036630004587,6.54938217942078
1,19,1,2,-1.63105505917307,-1.13227451589675,0.268232905225665,0.312907477293184,0.466036630004587,1.81903383530493
1,20,1,-2,1.70400719719798,1.99767817106606,0.811237589673485,-0.374880872573663,0.507930958112602,4.78797895445
1,20,1,-1,1.70400719719798,1.99767817106606,0.811237589673485,-0.374880872573663,0.507930958112602,7.83378679010586
1,20,1,0,1.70400719719798,1.99767817106606,0.811237589673485,-0.374880872573663,0.507930958112602,7.37265450325296
1,20,1,1,1.70400719719798,1.99767817106606,0.811237589673485,-0.374880872573663,0.507930958112602,4.61208117662552
1,20,1,2,1.70400719719798,1.99767817106606,0.811237589673485,-0.374880872573663,0.507930958112602,34.0537404175781
1,21,1,-2,0.0825178010043143,-0.287362658858582,-0.106851131447739,-0.409104804656125,-0.168464455465939,3.03083781731598
1,21,1,-1,0.0825178010043143,-0.287362658858582,-0.106851131447739,-0.409104804656125,-0.168464455465939,4.61750649937666
1,21,1,0,0.0825178010043143,-0.287362658858582,-0.106851131447739,-0.409104804656125,-0.168464455465939,2.87458476017037
1,21,1,1,0.0825178010043143,-0.287362658858582,-0.106851131447739,-0.409104804656125,-0.168464455465939,1.82315949072783
1,21,1,2,0.0825178010043143,-0.287362658858582,-0.106851131447739,-0.409104804656125,-0.168464455465939,5.65408714278892
1,22,1,-2,1.03603212782341,-0.0384880201992558,-1.1136970107059,0.0830680832448229,0.140300222198068,13.4645016044443
1,22,1,-1,1.03603212782341,-0.0384880201992558,-1.1136970107059,0.0830680832448229,0.140300222198068,7.45313254896576
1,22,1,0,1.03603212782341,-0.0384880201992558,-1.1136970107059,0.0830680832448229,0.140300222198068,3.21281912322448
1,22,1,1,1.03603212782341,-0.0384880201992558,-1.1136970107059,0.0830680832448229,0.140300222198068,12.0279975535691
1,22,1,2,1.03603212782341,-0.0384880201992558,-1.1136970107059,0.0830680832448229,0.140300222198068,12.1957755114807
1,23,1,-2,-0.00585033908061967,0.771612430867628,-0.578347060662414,1.04645106930376,1.45411259932902,0.157426317945251
1,23,1,-1,-0.00585033908061967,0.771612430867628,-0.578347060662414,1.04645106930376,1.45411259932902,0.111429029858163
1,23,0,0,-0.00585033908061967,0.771612430867628,-0.578347060662414,1.04645106930376,1.45411259932902,0.314200150786999
1,23,0,1,-0.00585033908061967,0.771612430867628,-0.578347060662414,1.04645106930376,1.45411259932902,0.252148474273851
1,23,0,2,-0.00585033908061967,0.771612430867628,-0.578347060662414,1.04645106930376,1.45411259932902,3.19444397344831
1,24,0,-2,-0.358016651980959,0.527041952461147,1.3411836044335,0.837074532596181,-0.316475068275652,0.00730732574310872
1,24,0,-1,-0.358016651980959,0.527041952461147,1.3411836044335,0.837074532596181,-0.316475068275652,0.131033068972381
1,24,0,0,-0.358016651980959,0.527041952461147,1.3411836044335,0.837074532596181,-0.316475068275652,0.121925153397162
1,24,0,1,-0.358016651980959,0.527041952461147,1.3411836044335,0.837074532596181,-0.316475068275652,0.31019724836956
1,24,0,2,-0.358016651980959,0.527041952461147,1.3411836044335,0.837074532596181,-0.316475068275652,0.396839518457432
1,25,1,-2,1.37400389331188,-0.258184236517287,-0.164028604012216,0.485436880707385,0.257636977398562,1.02718656183276
1,25,0,-1,1.37400389331188,-0.258184236517287,-0.164028604012216,0.485436880707385,0.257636977398562,2.83724483224318
1,25,1,0,1.37400389331188,-0.258184236517287,-0.164028604012216,0.485436880707385,0.257636977398562,1.70607651232345
1,25,0,1,1.37400389331188,-0.258184236517287,-0.164028604012216,0.485436880707385,0.257636977398562,1.6505733269415
1,25,1,2,1.37400389331188,-0.258184236517287,-0.164028604012216,0.485436880707385,0.257636977398562,0.546621663227015
1,26,0,-2,-0.654984266937759,-1.89746034858021,-1.8506099499939,-1.0108140719194,0.601722791900912,0.165936857782397
1,26,0,-1,-0.654984266937759,-1.89746034858021,-1.8506099499939,-1.0108140719194,0.601722791900912,0.113685837616102
1,26,1,0,-0.654984266937759,-1.89746034858021,-1.8506099499939,-1.0108140719194,0.601722791900912,0.100113187840734
1,26,0,1,-0.654984266937759,-1.89746034858021,-1.8506099499939,-1.0108140719194,0.601722791900912,0.238872030623808
1,26,1,2,-0.654984266937759,-1.89746034858021,-1.8506099499939,-1.0108140719194,0.601722791900912,0.354099741130991
1,27,0,-2,-0.358016651980959,0.527041952461147,1.3411836044335,0.837074532596181,-0.316475068275652,0.00730732574310872
1,27,0,-1,-0.358016651980959,0.527041952461147,1.3411836044335,0.837074532596181,-0.316475068275652,0.131033068972381
1,27,0,0,-0.358016651980959,0.527041952461147,1.3411836044335,0.837074532596181,-0.316475068275652,0.121925153397162
1,27,0,1,-0.358016651980959,0.527041952461147,1.3411836044335,0.837074532596181,-0.316475068275652,0.31019724836956
1,27,0,2,-0.358016651980959,0.527041952461147,1.3411836044335,0.837074532596181,-0.316475068275652,0.396839518457432
1,28,0,-2,-0.642874275834974,-0.656928204925071,-0.793841912898525,0.719229187418967,1.99869062254278,0.763286983596239
1,28,0,-1,-0.642874275834974,-0.656928204925071,-0.793841912898525,0.719229187418967,1.99869062254278,8.20852766501703
1,28,1,0,-0.642874275834974,-0.656928204925071,-0.793841912898525,0.719229187418967,1.99869062254278,2.61291078979527
1,28,1,1,-0.642874275834974,-0.656928204925071,-0.793841912898525,0.719229187418967,1.99869062254278,4.58433681938906
1,28,0,2,-0.642874275834974,-0.656928204925071,-0.793841912898525,0.719229187418967,1.99869062254278,28.4456188542127
1,29,1,-2,0.456983141451306,-0.958634531326288,-0.322882480776607,-0.823151318892716,0.053691190755815,33.3380747845719
1,29,0,-1,0.456983141451306,-0.958634531326288,-0.322882480776607,-0.823151318892716,0.053691190755815,10.0262327892816
1,29,1,0,0.456983141451306,-0.958634531326288,-0.322882480776607,-0.823151318892716,0.053691190755815,40.1764373975475
1,29,1,1,0.456983141451306,-0.958634531326288,-0.322882480776607,-0.823151318892716,0.053691190755815,155.958555729927
1,29,1,2,0.456983141451306,-0.958634531326288,-0.322882480776607,-0.823151318892716,0.053691190755815,49.1031893845462
1,30,0,-2,0.236780797031078,-0.0458546996785003,-0.942579875719847,-1.53546371150589,0.852901756092486,0.0126231960308746
1,30,0,-1,0.236780797031078,-0.0458546996785003,-0.942579875719847,-1.53546371150589,0.852901756092486,0.279070605883953
1,30,0,0,0.236780797031078,-0.0458546996785003,-0.942579875719847,-1.53546371150589,0.852901756092486,0.245179490998509
1,30,1,1,0.236780797031078,-0.0458546996785003,-0.942579875719847,-1.53546371150589,0.852901756092486,0.113163932291619
1,30,1,2,0.236780797031078,-0.0458546996785003,-0.942579875719847,-1.53546371150589,0.852901756092486,1.65738997733445
1,31,1,-2,0.534439581752068,2.18369811015718,1.0524070815449,0.790989915546262,-0.33999552477859,0.186795367829173
1,31,0,-1,0.534439581752068,2.18369811015718,1.0524070815449,0.790989915546262,-0.33999552477859,0.0888221707804314
1,31,1,0,0.534439581752068,2.18369811015718,1.0524070815449,0.790989915546262,-0.33999552477859,0.700756136648882
1,31,0,1,0.534439581752068,2.18369811015718,1.0524070815449,0.790989915546262,-0.33999552477859,1.56789264959055
1,31,1,2,0.534439581752068,2.18369811015718,1.0524070815449,0.790989915546262,-0.33999552477859,0.47213047962959
1,32,0,-2,-0.641083508109483,-0.760322389039295,0.0472012221766145,0.866310741155744,1.93478451420639,1.27759314770763
1,32,0,-1,-0.641083508109483,-0.760322389039295,0.0472012221766145,0.866310741155744,1.93478451420639,4.1678610726756
1,32,1,0,-0.641083508109483,-0.760322389039295,0.0472012221766145,0.866310741155744,1.93478451420639,6.02472341467068
1,32,0,1,-0.641083508109483,-0.760322389039295,0.0472012221766145,0.866310741155744,1.93478451420639,2.33976182071538
1,32,0,2,-0.641083508109483,-0.760322389039295,0.0472012221766145,0.866310741155744,1.93478451420639,2.51028176490709
1,33,0,-2,-0.642874275834974,-0.656928204925071,-0.793841912898525,0.719229187418967,1.99869062254278,0.763286983596239
1,33,0,-1,-0.642874275834974,-0.656928204925071,-0.793841912898525,0.719229187418967,1.99869062254278,8.20852766501703
1,33,1,0,-0.642874275834974,-0.656928204925071,-0.793841912898525,0.719229187418967,1.99869062254278,2.61291078979527
1,33,1,1,-0.642874275834974,-0.656928204925071,-0.793841912898525,0.719229187418967,1.99869062254278,4.58433681938906
1,33,0,2,-0.642874275834974,-0.656928204925071,-0.793841912898525,0.719229187418967,1.99869062254278,28.4456188542127
1,34,1,-2,1.25140332214895,1.36429162472027,0.38373035285567,0.769432968748938,0.384543803987878,0.321333199228024
1,34,0,-1,1.25140332214895,1.36429162472027,0.38373035285567,0.769432968748938,0.384543803987878,0.838015988771476
1,34,1,0,1.25140332214895,1.36429162472027,0.38373035285567,0.769432968748938,0.384543803987878,1.68223953875522
1,34,1,1,1.25140332214895,1.36429162472027,0.38373035285567,0.769432968748938,0.384543803987878,2.23696971687606
1,34,1,2,1.25140332214895,1.36429162472027,0.38373035285567,0.769432968748938,0.384543803987878,8.54584579621127
1,35,1,-2,0.508998031395731,-0.239790265930823,0.251613215668745,0.335565019179209,-0.273697184899694,4.67783040578466
1,35,1,-1,0.508998031395731,-0.239790265930823,0.251613215668745,0.335565019179209,-0.273697184899694,1.77338273049958
1,35,0,0,0.508998031395731,-0.239790265930823,0.251613215668745,0.335565019179209,-0.273697184899694,0.384658439249415
1,35,1,1,0.508998031395731,-0.239790265930823,0.251613215668745,0.335565019179209,-0.273697184899694,1.09793578305098
1,35,1,2,0.508998031395731,-0.239790265930823,0.251613215668745,0.335565019179209,-0.273697184899694,2.56728093090854
1,36,0,-2,-0.525509180131476,-0.74555979027524,1.82558666578966,1.84697012244806,1.19458693232203,2.11462277343368
1,36,0,-1,-0.525509180131476,-0.74555979027524,1.82558666578966,1.84697012244806,1.19458693232203,1.46910689412149
1,36,0,0,-0.525509180131476,-0.74555979027524,1.82558666578966,1.84697012244806,1.19458693232203,1.53970763931037
1,36,0,1,-0.525509180131476,-0.74555979027524,1.82558666578966,1.84697012244806,1.19458693232203,27.2843392156666
1,36,0,2,-0.525509180131476,-0.74555979027524,1.82558666578966,1.84697012244806,1.19458693232203,9.78135040661694
1,37,0,-2,-0.689992290263182,0.167310536712856,-0.74399812200545,-0.528827685125357,-1.21550495157095,0.0791339897391504
1,37,0,-1,-0.689992290263182,0.167310536712856,-0.74399812200545,-0.528827685125357,-1.21550495157095,0.304335458826963
1,37,0,0,-0.689992290263182,0.167310536712856,-0.74399812200545,-0.528827685125357,-1.21550495157095,0.416255277020937
1,37,0,1,-0.689992290263182,0.167310536712856,-0.74399812200545,-0.528827685125357,-1.21550495157095,0.441040297898645
1,37,1,2,-0.689992290263182,0.167310536712856,-0.74399812200545,-0.528827685125357,-1.21550495157095,3.02235967203909
1,38,0,-2,-1.08518688504702,-0.85646017051335,0.396275628664198,-0.658232683320176,-0.318631826475386,0.0465818534650483
1,38,0,-1,-1.08518688504702,-0.85646017051335,0.396275628664198,-0.658232683320176,-0.318631826475386,0.292525482253806
1,38,0,0,-1.08518688504702,-0.85646017051335,0.396275628664198,-0.658232683320176,-0.318631826475386,0.294251818321309
1,38,0,1,-1.08518688504702,-0.85646017051335,0.396275628664198,-0.658232683320176,-0.318631826475386,2.37223244480374
1,38,0,2,-1.08518688504702,-0.85646017051335,0.396275628664198,-0.658232683320176,-0.318631826475386,1.24132285901539
1,39,0,-2,-0.11741999064219,0.132269682002448,-0.325486968441583,-0.698325301344801,-0.1598861364226,0.0876163356127501
1,39,0,-1,-0.11741999064219,0.132269682002448,-0.325486968441583,-0.698325301344801,-0.1598861364226,0.129665586701508
1,39,0,0,-0.11741999064219,0.132269682002448,-0.325486968441583,-0.698325301344801,-0.1598861364226,0.856000820034165
1,39,1,1,-0.11741999064219,0.132269682002448,-0.325486968441583,-0.698325301344801,-0.1598861364226,0.48460798758614
1,39,0,2,-0.11741999064219,0.132269682002448,-0.325486968441583,-0.698325301344801,-0.1598861364226,0.800281462172453
1,40,0,-2,0.0506087338301042,1.19274870178742,0.586748087110989,-0.417203410120506,0.160732221504547,0.828564550858077
1,40,0,-1,0.0506087338301042,1.19274870178742,0.586748087110989,-0.417203410120506,0.160732221504547,0.98735465020385
1,40,0,0,0.0506087338301042,1.19274870178742,0.586748087110989,-0.417203410120506,0.160732221504547,2.09086419523191
1,40,0,1,0.0506087338301042,1.19274870178742,0.586748087110989,-0.417203410120506,0.160732221504547,0.596677710000276
1,40,0,2,0.0506087338301042,1.19274870178742,0.586748087110989,-0.417203410120506,0.160732221504547,1.18898831983096
1,41,0,-2,-0.11741999064219,0.132269682002448,-0.325486968441583,-0.698325301344801,-0.1598861364226,0.0876163356127501
1,41,0,-1,-0.11741999064219,0.132269682002448,-0.325486968441583,-0.698325301344801,-0.1598861364226,0.129665586701508
1,41,0,0,-0.11741999064219,0.132269682002448,-0.325486968441583,-0.698325301344801,-0.1598861364226,0.856000820034165
1,41,1,1,-0.11741999064219,0.132269682002448,-0.325486968441583,-0.698325301344801,-0.1598861364226,0.48460798758614
1,41,0,2,-0.11741999064219,0.132269682002448,-0.325486968441583,-0.698325301344801,-0.1598861364226,0.800281462172453
1,42,0,-2,0.765186208205496,1.74229959648115,0.0357602467235488,-0.391599202934057,-0.202761675920875,0.40737661032641
1,42,0,-1,0.765186208205496,1.74229959648115,0.0357602467235488,-0.391599202934057,-0.202761675920875,0.60792517346382
1,42,1,0,0.765186208205496,1.74229959648115,0.0357602467235488,-0.391599202934057,-0.202761675920875,0.445597961286123
1,42,1,1,0.765186208205496,1.74229959648115,0.0357602467235488,-0.391599202934057,-0.202761675920875,0.896677269732114
1,42,1,2,0.765186208205496,1.74229959648115,0.0357602467235488,-0.391599202934057,-0.202761675920875,0.802649239844466
1,43,1,-2,1.3269840841366,0.531522149869366,-1.02044989865551,-1.17738930243647,0.343545318859484,0.407514452662163
1,43,1,-1,1.3269840841366,0.531522149869366,-1.02044989865551,-1.17738930243647,0.343545318859484,0.708718723516883
1,43,1,0,1.3269840841366,0.531522149869366,-1.02044989865551,-1.17738930243647,0.343545318859484,2.51569018514838
1,43,1,1,1.3269840841366,0.531522149869366,-1.02044989865551,-1.17738930243647,0.343545318859484,2.1479030951489
1,43,1,2,1.3269840841366,0.531522149869366,-1.02044989865551,-1.17738930243647,0.343545318859484,15.1246132920853
1,44,1,-2,1.70400719719798,1.99767817106606,0.811237589673485,-0.374880872573663,0.507930958112602,4.78797895445
1,44,1,-1,1.70400719719798,1.99767817106606,0.811237589673485,-0.374880872573663,0.507930958112602,7.83378679010586
1,44,1,0,1.70400719719798,1.99767817106606,0.811237589673485,-0.374880872573663,0.507930958112602,7.37265450325296
1,44,1,1,1.70400719719798,1.99767817106606,0.811237589673485,-0.374880872573663,0.507930958112602,4.61208117662552
1,44,1,2,1.70400719719798,1.99767817106606,0.811237589673485,-0.374880872573663,0.507930958112602,34.0537404175781
1,45,0,-2,-0.416098972764919,-0.0740221138747749,0.0611405649756839,-0.955795360301712,-0.600618249795849,0.0577909427559928
1,45,0,-1,-0.416098972764919,-0.0740221138747749,0.0611405649756839,-0.955795360301712,-0.600618249795849,0.208787373218318
1,45,0,0,-0.416098972764919,-0.0740221138747749,0.0611405649756839,-0.955795360301712,-0.600618249795849,0.0301253400239306
1,45,0,1,-0.416098972764919,-0.0740221138747749,0.0611405649756839,-0.955795360301712,-0.600618249795849,0.0705904642200337
1,45,0,2,-0.416098972764919,-0.0740221138747749,0.0611405649756839,-0.955795360301712,-0.600618249795849,0.390511763533603
1,46,1,-2,1.70400719719798,1.99767817106606,0.811237589673485,-0.374880872573663,0.507930958112602,4.78797895445
1,46,1,-1,1.70400719719798,1.99767817106606,0.811237589673485,-0.374880872573663,0.507930958112602,7.83378679010586
1,46,1,0,1.70400719719798,1.99767817106606,0.811237589673485,-0.374880872573663,0.507930958112602,7.37265450325296
1,46,1,1,1.70400719719798,1.99767817106606,0.811237589673485,-0.374880872573663,0.507930958112602,4.61208117662552
1,46,1,2,1.70400719719798,1.99767817106606,0.811237589673485,-0.374880872573663,0.507930958112602,34.0537404175781
1,47,0,-2,-1.08518688504702,-0.85646017051335,0.396275628664198,-0.658232683320176,-0.318631826475386,0.0465818534650483
1,47,0,-1,-1.08518688504702,-0.85646017051335,0.396275628664198,-0.658232683320176,-0.318631826475386,0.292525482253806
1,47,0,0,-1.08518688504702,-0.85646017051335,0.396275628664198,-0.658232683320176,-0.318631826475386,0.294251818321309
1,47,0,1,-1.08518688504702,-0.85646017051335,0.396275628664198,-0.658232683320176,-0.318631826475386,2.37223244480374
1,47,0,2,-1.08518688504702,-0.85646017051335,0.396275628664198,-0.658232683320176,-0.318631826475386,1.24132285901539
1,48,0,-2,-0.186108409483666,-1.01898201796296,-0.459116397206018,-0.484369416397872,0.302791673646997,0.131977828731924
1,48,1,-1,-0.186108409483666,-1.01898201796296,-0.459116397206018,-0.484369416397872,0.302791673646997,0.304745144604303
1,48,0,0,-0.186108409483666,-1.01898201796296,-0.459116397206018,-0.484369416397872,0.302791673646997,0.461039071344172
1,48,0,1,-0.186108409483666,-1.01898201796296,-0.459116397206018,-0.484369416397872,0.302791673646997,0.307091930109749
1,48,0,2,-0.186108409483666,-1.01898201796296,-0.459116397206018,-0.484369416397872,0.302791673646997,1.34308312544535
1,49,0,-2,-0.1940540709144,0.399587917950774,0.0374558486710076,0.230023907271744,2.23068698515017,1.47686183950766
1,49,0,-1,-0.1940540709144,0.399587917950774,0.0374558486710076,0.230023907271744,2.23068698515017,1.63637711188362
1,49,0,0,-0.1940540709144,0.399587917950774,0.0374558486710076,0.230023907271744,2.23068698515017,1.77814653211823
1,49,0,1,-0.1940540709144,0.399587917950774,0.0374558486710076,0.230023907271744,2.23068698515017,2.01802659343014
1,49,1,2,-0.1940540709144,0.399587917950774,0.0374558486710076,0.230023907271744,2.23068698515017,29.3500778884635
1,50,0,-2,-0.747468352619314,-0.552309015596893,-0.886063865962149,-1.24110103173634,-0.444227914187695,0.810993000177772
1,50,1,-1,-0.747468352619314,-0.552309015596893,-0.886063865962149,-1.24110103173634,-0.444227914187695,0.180013537175446
1,50,0,0,-0.747468352619314,-0.552309015596893,-0.886063865962149,-1.24110103173634,-0.444227914187695,2.99777136113373
1,50,1,1,-0.747468352619314,-0.552309015596893,-0.886063865962149,-1.24110103173634,-0.444227914187695,3.74273102118265
1,50,1,2,-0.747468352619314,-0.552309015596893,-0.886063865962149,-1.24110103173634,-0.444227914187695,2.33923580519194
1,51,0,-2,-1.795091858541,0.34287948373349,0.740616162366899,-0.0678837431883527,-0.803607304957198,1.31615215669817
1,51,0,-1,-1.795091858541,0.34287948373349,0.740616162366899,-0.0678837431883527,-0.803607304957198,1.83662342612404
1,51,0,0,-1.795091858541,0.34287948373349,0.740616162366899,-0.0678837431883527,-0.803607304957198,1.55607169483157
1,51,0,1,-1.795091858541,0.34287948373349,0.740616162366899,-0.0678837431883527,-0.803607304957198,8.14157554197303
1,51,1,2,-1.795091858541,0.34287948373349,0.740616162366899,-0.0678837431883527,-0.803607304957198,31.2920829653908
1,52,1,-2,0.508379384792006,0.163709028090227,-1.13264852577643,0.11338388660863,-0.167499948323673,8.69414037739453
1,52,0,-1,0.508379384792006,0.163709028090227,-1.13264852577643,0.11338388660863,-0.167499948323673,3.96365798635104
1,52,0,0,0.508379384792006,0.163709028090227,-1.13264852577643,0.11338388660863,-0.167499948323673,3.86424208990243
1,52,1,1,0.508379384792006,0.163709028090227,-1.13264852577643,0.11338388660863,-0.167499948323673,16.1178794634651
1,52,1,2,0.508379384792006,0.163709028090227,-1.13264852577643,0.11338388660863,-0.167499948323673,5.93281592641636
1,53,0,-2,-1.11988708725697,-1.78701311117376,-1.17253155139307,-1.74844518274337,0.357226660316449,0.943707434779445
1,53,0,-1,-1.11988708725697,-1.78701311117376,-1.17253155139307,-1.74844518274337,0.357226660316449,1.20442651768129
1,53,0,0,-1.11988708725697,-1.78701311117376,-1.17253155139307,-1.74844518274337,0.357226660316449,4.37421684109821
1,53,0,1,-1.11988708725697,-1.78701311117376,-1.17253155139307,-1.74844518274337,0.357226660316449,21.6601969706663
1,53,1,2,-1.11988708725697,-1.78701311117376,-1.17253155139307,-1.74844518274337,0.357226660316449,1.38854373645682
1,54,0,-2,0.275293383828292,0.277842133962044,-1.32002394259063,-1.47766492875003,-0.279852397929083,0.0475710713023887
1,54,0,-1,0.275293383828292,0.277842133962044,-1.32002394259063,-1.47766492875003,-0.279852397929083,0.150834978663744
1,54,1,0,0.275293383828292,0.277842133962044,-1.32002394259063,-1.47766492875003,-0.279852397929083,0.304741178036664
1,54,1,1,0.275293383828292,0.277842133962044,-1.32002394259063,-1.47766492875003,-0.279852397929083,0.187711291869746
1,54,0,2,0.275293383828292,0.277842133962044,-1.32002394259063,-1.47766492875003,-0.279852397929083,0.306557206412232
1,55,1,-2,0.508998031395731,-0.239790265930823,0.251613215668745,0.335565019179209,-0.273697184899694,4.67783040578466
1,55,1,-1,0.508998031395731,-0.239790265930823,0.251613215668745,0.335565019179209,-0.273697184899694,1.77338273049958
1,55,0,0,0.508998031395731,-0.239790265930823,0.251613215668745,0.335565019179209,-0.273697184899694,0.384658439249415
1,55,1,1,0.508998031395731,-0.239790265930823,0.251613215668745,0.335565019179209,-0.273697184899694,1.09793578305098
1,55,1,2,0.508998031395731,-0.239790265930823,0.251613215668745,0.335565019179209,-0.273697184899694,2.56728093090854
1,56,1,-2,0.456983141451306,-0.958634531326288,-0.322882480776607,-0.823151318892716,0.053691190755815,33.3380747845719
1,56,0,-1,0.456983141451306,-0.958634531326288,-0.322882480776607,-0.823151318892716,0.053691190755815,10.0262327892816
1,56,1,0,0.456983141451306,-0.958634531326288,-0.322882480776607,-0.823151318892716,0.053691190755815,40.1764373975475
1,56,1,1,0.456983141451306,-0.958634531326288,-0.322882480776607,-0.823151318892716,0.053691190755815,155.958555729927
1,56,1,2,0.456983141451306,-0.958634531326288,-0.322882480776607,-0.823151318892716,0.053691190755815,49.1031893845462
1,57,1,-2,1.3243351883668,-0.251687325350296,0.589131191059889,-0.708777772215496,-0.0938273212040839,0.96861566555094
1,57,1,-1,1.3243351883668,-0.251687325350296,0.589131191059889,-0.708777772215496,-0.0938273212040839,4.3286363940758
1,57,1,0,1.3243351883668,-0.251687325350296,0.589131191059889,-0.708777772215496,-0.0938273212040839,3.03829818474004
1,57,1,1,1.3243351883668,-0.251687325350296,0.589131191059889,-0.708777772215496,-0.0938273212040839,7.6350314185691
1,57,1,2,1.3243351883668,-0.251687325350296,0.589131191059889,-0.708777772215496,-0.0938273212040839,3.12388953098412
1,58,0,-2,-2.67155915288836,-1.04251989180915,-2.57184104961849,-1.01383345551709,0.293983933182452,3.04874976632855
1,58,0,-1,-2.67155915288836,-1.04251989180915,-2.57184104961849,-1.01383345551709,0.293983933182452,2.88686117328864
1,58,1,0,-2.67155915288836,-1.04251989180915,-2.57184104961849,-1.01383345551709,0.293983933182452,2.40853712377373
1,58,0,1,-2.67155915288836,-1.04251989180915,-2.57184104961849,-1.01383345551709,0.293983933182452,2.26457111082839
1,58,0,2,-2.67155915288836,-1.04251989180915,-2.57184104961849,-1.01383345551709,0.293983933182452,3.6839247902445
1,59,1,-2,-0.398565377146119,0.340612095674869,0.552424719433411,2.19183351467973,2.87070849453685,10.1874416317094
1,59,1,-1,-0.398565377146119,0.340612095674869,0.552424719433411,2.19183351467973,2.87070849453685,56.9848519632048
1,59,1,0,-0.398565377146119,0.340612095674869,0.552424719433411,2.19183351467973,2.87070849453685,4.16960988241626
1,59,1,1,-0.398565377146119,0.340612095674869,0.552424719433411,2.19183351467973,2.87070849453685,24.8799911873908
1,59,1,2,-0.398565377146119,0.340612095674869,0.552424719433411,2.19183351467973,2.87070849453685,677.095819839192
1,60,0,-2,-0.747468352619314,-0.552309015596893,-0.886063865962149,-1.24110103173634,-0.444227914187695,0.810993000177772
1,60,1,-1,-0.747468352619314,-0.552309015596893,-0.886063865962149,-1.24110103173634,-0.444227914187695,0.180013537175446
1,60,0,0,-0.747468352619314,-0.552309015596893,-0.886063865962149,-1.24110103173634,-0.444227914187695,2.99777136113373
1,60,1,1,-0.747468352619314,-0.552309015596893,-0.886063865962149,-1.24110103173634,-0.444227914187695,3.74273102118265
1,60,1,2,-0.747468352619314,-0.552309015596893,-0.886063865962149,-1.24110103173634,-0.444227914187695,2.33923580519194
1,61,0,-2,0.996911280033669,-1.05214390757693,0.765243573982895,1.20613703460104,0.342377682203368,0.184320047044293
1,61,1,-1,0.996911280033669,-1.05214390757693,0.765243573982895,1.20613703460104,0.342377682203368,0.533446910913136
1,61,1,0,0.996911280033669,-1.05214390757693,0.765243573982895,1.20613703460104,0.342377682203368,0.415439453446412
1,61,1,1,0.996911280033669,-1.05214390757693,0.765243573982895,1.20613703460104,0.342377682203368,0.823890188469483
1,61,1,2,0.996911280033669,-1.05214390757693,0.765243573982895,1.20613703460104,0.342377682203368,4.42552439995766
1,62,0,-2,-1.795091858541,0.34287948373349,0.740616162366899,-0.0678837431883527,-0.803607304957198,1.31615215669817
1,62,0,-1,-1.795091858541,0.34287948373349,0.740616162366899,-0.0678837431883527,-0.803607304957198,1.83662342612404
1,62,0,0,-1.795091858541,0.34287948373349,0.740616162366899,-0.0678837431883527,-0.803607304957198,1.55607169483157
1,62,0,1,-1.795091858541,0.34287948373349,0.740616162366899,-0.0678837431883527,-0.803607304957198,8.14157554197303
1,62,1,2,-1.795091858541,0.34287948373349,0.740616162366899,-0.0678837431883527,-0.803607304957198,31.2920829653908
1,63,0,-2,-0.63005003129816,-0.570166765142512,-0.459353684187178,-0.976674582464498,0.205022856233414,3.71140145371532
1,63,0,-1,-0.63005003129816,-0.570166765142512,-0.459353684187178,-0.976674582464498,0.205022856233414,0.642447247565127
1,63,0,0,-0.63005003129816,-0.570166765142512,-0.459353684187178,-0.976674582464498,0.205022856233414,1.16362055419624
1,63,0,1,-0.63005003129816,-0.570166765142512,-0.459353684187178,-0.976674582464498,0.205022856233414,17.7515357338007
1,63,0,2,-0.63005003129816,-0.570166765142512,-0.459353684187178,-0.976674582464498,0.205022856233414,12.7169245030553
1,64,0,-2,0.854009748325995,0.649509184275538,-0.130161371023401,-1.2877686100125,-0.324444614162938,0.216018097596728
1,64,0,-1,0.854009748325995,0.649509184275538,-0.130161371023401,-1.2877686100125,-0.324444614162938,4.14650565567091
1,64,0,0,0.854009748325995,0.649509184275538,-0.130161371023401,-1.2877686100125,-0.324444614162938,11.8246164685242
1,64,0,1,0.854009748325995,0.649509184275538,-0.130161371023401,-1.2877686100125,-0.324444614162938,3.71638615382055
1,64,1,2,0.854009748325995,0.649509184275538,-0.130161371023401,-1.2877686100125,-0.324444614162938,9.92975015783507
1,65,1,-2,0.508379384792006,0.163709028090227,-1.13264852577643,0.11338388660863,-0.167499948323673,8.69414037739453
1,65,0,-1,0.508379384792006,0.163709028090227,-1.13264852577643,0.11338388660863,-0.167499948323673,3.96365798635104
1,65,0,0,0.508379384792006,0.163709028090227,-1.13264852577643,0.11338388660863,-0.167499948323673,3.86424208990243
1,65,1,1,0.508379384792006,0.163709028090227,-1.13264852577643,0.11338388660863,-0.167499948323673,16.1178794634651
1,65,1,2,0.508379384792006,0.163709028090227,-1.13264852577643,0.11338388660863,-0.167499948323673,5.93281592641636
1,66,1,-2,-0.857438816987894,-0.168916078212086,1.07394015376269,0.18978738390702,0.141288781489677,2.26033220727354
1,66,1,-1,-0.857438816987894,-0.168916078212086,1.07394015376269,0.18978738390702,0.141288781489677,11.0364724605219
1,66,1,0,-0.857438816987894,-0.168916078212086,1.07394015376269,0.18978738390702,0.141288781489677,9.32905435677
1,66,1,1,-0.857438816987894,-0.168916078212086,1.07394015376269,0.18978738390702,0.141288781489677,46.4909206485835
1,66,1,2,-0.857438816987894,-0.168916078212086,1.07394015376269,0.18978738390702,0.141288781489677,4.75342650208673
1,67,1,-2,1.70400719719798,1.99767817106606,0.811237589673485,-0.374880872573663,0.507930958112602,4.78797895445
1,67,1,-1,1.70400719719798,1.99767817106606,0.811237589673485,-0.374880872573663,0.507930958112602,7.83378679010586
1,67,1,0,1.70400719719798,1.99767817106606,0.811237589673485,-0.374880872573663,0.507930958112602,7.37265450325296
1,67,1,1,1.70400719719798,1.99767817106606,0.811237589673485,-0.374880872573663,0.507930958112602,4.61208117662552
1,67,1,2,1.70400719719798,1.99767817106606,0.811237589673485,-0.374880872573663,0.507930958112602,34.0537404175781
1,68,0,-2,-0.357530185357362,0.0715492187711843,-0.590298518407964,0.691269782562691,0.040227337454138,0.500599216651048
1,68,0,-1,-0.357530185357362,0.0715492187711843,-0.590298518407964,0.691269782562691,0.040227337454138,1.09372489393923
1,68,1,0,-0.357530185357362,0.0715492187711843,-0.590298518407964,0.691269782562691,0.040227337454138,16.209109551364
1,68,0,1,-0.357530185357362,0.0715492187711843,-0.590298518407964,0.691269782562691,0.040227337454138,9.01299911672934
1,68,0,2,-0.357530185357362,0.0715492187711843,-0.590298518407964,0.691269782562691,0.040227337454138,6.7292145657744
1,69,1,-2,-0.275146224018233,-1.11180573752004,-0.249284309357967,-1.62725526693501,-1.58935008833664,0.154887980049085
1,69,1,-1,-0.275146224018233,-1.11180573752004,-0.249284309357967,-1.62725526693501,-1.58935008833664,0.588311770183148
1,69,1,0,-0.275146224018233,-1.11180573752004,-0.249284309357967,-1.62725526693501,-1.58935008833664,0.210090189310759
1,69,1,1,-0.275146224018233,-1.11180573752004,-0.249284309357967,-1.62725526693501,-1.58935008833664,6.71163003706482
1,69,1,2,-0.275146224018233,-1.11180573752004,-0.249284309357967,-1.62725526693501,-1.58935008833664,1.8238711433886
1,70,0,-2,0.765186208205496,1.74229959648115,0.0357602467235488,-0.391599202934057,-0.202761675920875,0.40737661032641
1,70,0,-1,0.765186208205496,1.74229959648115,0.0357602467235488,-0.391599202934057,-0.202761675920875,0.60792517346382
1,70,1,0,0.765186208205496,1.74229959648115,0.0357602467235488,-0.391599202934057,-0.202761675920875,0.445597961286123
1,70,1,1,0.765186208205496,1.74229959648115,0.0357602467235488,-0.391599202934057,-0.202761675920875,0.896677269732114
1,70,1,2,0.765186208205496,1.74229959648115,0.0357602467235488,-0.391599202934057,-0.202761675920875,0.802649239844466
1,71,0,-2,-0.349565518888247,-0.857579006628722,-0.841139190362937,-1.58445972156647,-1.0121929077954,1.47959414300966
1,71,0,-1,-0.349565518888247,-0.857579006628722,-0.841139190362937,-1.58445972156647,-1.0121929077954,0.733369581039221
1,71,1,0,-0.349565518888247,-0.857579006628722,-0.841139190362937,-1.58445972156647,-1.0121929077954,2.536353685121
1,71,1,1,-0.349565518888247,-0.857579006628722,-0.841139190362937,-1.58445972156647,-1.0121929077954,4.37497303189892
1,71,0,2,-0.349565518888247,-0.857579006628722,-0.841139190362937,-1.58445972156647,-1.0121929077954,1.99336863601759
1,72,0,-2,-0.586140973154087,0.435950257976698,-0.521318336979269,-1.38863283493338,-0.510820267378496,0.0830376254414979
1,72,0,-1,-0.586140973154087,0.435950257976698,-0.521318336979269,-1.38863283493338,-0.510820267378496,0.465608381458224
1,72,0,0,-0.586140973154087,0.435950257976698,-0.521318336979269,-1.38863283493338,-0.510820267378496,0.35207566244893
1,72,0,1,-0.586140973154087,0.435950257976698,-0.521318336979269,-1.38863283493338,-0.510820267378496,1.2214320139191
1,72,1,2,-0.586140973154087,0.435950257976698,-0.521318336979269,-1.38863283493338,-0.510820267378496,2.2005489009388
1,73,0,-2,1.70550874971278,-0.110079180970867,-0.814618910933073,-1.86943007879202,-1.78744407087452,0.458342966410173
1,73,1,-1,1.70550874971278,-0.110079180970867,-0.814618910933073,-1.86943007879202,-1.78744407087452,0.102702771866911
1,73,1,0,1.70550874971278,-0.110079180970867,-0.814618910933073,-1.86943007879202,-1.78744407087452,0.208008504533268
1,73,1,1,1.70550874971278,-0.110079180970867,-0.814618910933073,-1.86943007879202,-1.78744407087452,0.748654184608012
1,73,1,2,1.70550874971278,-0.110079180970867,-0.814618910933073,-1.86943007879202,-1.78744407087452,0.514768663230889
1,74,0,-2,1.70550874971278,-0.110079180970867,-0.814618910933073,-1.86943007879202,-1.78744407087452,0.458342966410173
1,74,1,-1,1.70550874971278,-0.110079180970867,-0.814618910933073,-1.86943007879202,-1.78744407087452,0.102702771866911
1,74,1,0,1.70550874971278,-0.110079180970867,-0.814618910933073,-1.86943007879202,-1.78744407087452,0.208008504533268
1,74,1,1,1.70550874971278,-0.110079180970867,-0.814618910933073,-1.86943007879202,-1.78744407087452,0.748654184608012
1,74,1,2,1.70550874971278,-0.110079180970867,-0.814618910933073,-1.86943007879202,-1.78744407087452,0.514768663230889
1,75,0,-2,-0.374934413986341,1.08609071441849,0.135015634843341,-0.560367142433595,-0.200131631819584,0.0239400508237196
1,75,0,-1,-0.374934413986341,1.08609071441849,0.135015634843341,-0.560367142433595,-0.200131631819584,0.0198227310078602
1,75,0,0,-0.374934413986341,1.08609071441849,0.135015634843341,-0.560367142433595,-0.200131631819584,0.234194496841793
1,75,0,1,-0.374934413986341,1.08609071441849,0.135015634843341,-0.560367142433595,-0.200131631819584,0.141176869412021
1,75,1,2,-0.374934413986341,1.08609071441849,0.135015634843341,-0.560367142433595,-0.200131631819584,0.661396780748021
1,76,0,-2,1.7509367526623,1.14874436102307,1.41957911337573,0.723098663316296,-0.132733746534346,1.24111724130708
1,76,1,-1,1.7509367526623,1.14874436102307,1.41957911337573,0.723098663316296,-0.132733746534346,7.04401787906463
1,76,1,0,1.7509367526623,1.14874436102307,1.41957911337573,0.723098663316296,-0.132733746534346,5.44724831854936
1,76,1,1,1.7509367526623,1.14874436102307,1.41957911337573,0.723098663316296,-0.132733746534346,7.86599814480358
1,76,1,2,1.7509367526623,1.14874436102307,1.41957911337573,0.723098663316296,-0.132733746534346,25.6898059458185
1,77,1,-2,0.508379384792006,0.163709028090227,-1.13264852577643,0.11338388660863,-0.167499948323673,8.69414037739453
1,77,0,-1,0.508379384792006,0.163709028090227,-1.13264852577643,0.11338388660863,-0.167499948323673,3.96365798635104
1,77,0,0,0.508379384792006,0.163709028090227,-1.13264852577643,0.11338388660863,-0.167499948323673,3.86424208990243
1,77,1,1,0.508379384792006,0.163709028090227,-1.13264852577643,0.11338388660863,-0.167499948323673,16.1178794634651
1,77,1,2,0.508379384792006,0.163709028090227,-1.13264852577643,0.11338388660863,-0.167499948323673,5.93281592641636
1,78,1,-2,-1.1791446561206,0.443195002506298,-0.389681073510868,1.31243478360243,-0.737517390497417,0.658989565156123
1,78,1,-1,-1.1791446561206,0.443195002506298,-0.389681073510868,1.31243478360243,-0.737517390497417,3.79157689853714
1,78,0,0,-1.1791446561206,0.443195002506298,-0.389681073510868,1.31243478360243,-0.737517390497417,5.11978199107874
1,78,0,1,-1.1791446561206,0.443195002506298,-0.389681073510868,1.31243478360243,-0.737517390497417,5.96309080270721
1,78,0,2,-1.1791446561206,0.443195002506298,-0.389681073510868,1.31243478360243,-0.737517390497417,47.4526293919721
1,79,0,-2,-0.749677516283048,-1.66269626713827,-1.07203268876527,-1.6086808409662,-1.03023417412568,0.0190305126887354
1,79,0,-1,-0.749677516283048,-1.66269626713827,-1.07203268876527,-1.6086808409662,-1.03023417412568,0.922414275420588
1,79,0,0,-0.749677516283048,-1.66269626713827,-1.07203268876527,-1.6086808409662,-1.03023417412568,0.0901168381638316
1,79,0,1,-0.749677516283048,-1.66269626713827,-1.07203268876527,-1.6086808409662,-1.03023417412568,0.58019377270231
1,79,1,2,-0.749677516283048,-1.66269626713827,-1.07203268876527,-1.6086808409662,-1.03023417412568,1.06516808682119
1,80,1,-2,0.0825178010043143,-0.287362658858582,-0.106851131447739,-0.409104804656125,-0.168464455465939,3.03083781731598
1,80,1,-1,0.0825178010043143,-0.287362658858582,-0.106851131447739,-0.409104804656125,-0.168464455465939,4.61750649937666
1,80,1,0,0.0825178010043143,-0.287362658858582,-0.106851131447739,-0.409104804656125,-0.168464455465939,2.87458476017037
1,80,1,1,0.0825178010043143,-0.287362658858582,-0.106851131447739,-0.409104804656125,-0.168464455465939,1.82315949072783
1,80,1,2,0.0825178010043143,-0.287362658858582,-0.106851131447739,-0.409104804656125,-0.168464455465939,5.65408714278892
1,81,0,-2,-0.521557462298096,-0.183927125220093,-0.230470683575075,0.780055716095729,2.08983099137732,0.434537335354098
1,81,1,-1,-0.521557462298096,-0.183927125220093,-0.230470683575075,0.780055716095729,2.08983099137732,2.89741528006418
1,81,0,0,-0.521557462298096,-0.183927125220093,-0.230470683575075,0.780055716095729,2.08983099137732,4.59768215035812
1,81,0,1,-0.521557462298096,-0.183927125220093,-0.230470683575075,0.780055716095729,2.08983099137732,4.8462467513109
1,81,1,2,-0.521557462298096,-0.183927125220093,-0.230470683575075,0.780055716095729,2.08983099137732,9.18192883478593
1,82,0,-2,-1.06077927344879,-1.96102190196563,-0.0680191108883691,-0.248386632436095,-0.579199981764564,0.121752771277119
1,82,0,-1,-1.06077927344879,-1.96102190196563,-0.0680191108883691,-0.248386632436095,-0.579199981764564,0.135658053487217
1,82,0,0,-1.06077927344879,-1.96102190196563,-0.0680191108883691,-0.248386632436095,-0.579199981764564,1.52187128226299
1,82,0,1,-1.06077927344879,-1.96102190196563,-0.0680191108883691,-0.248386632436095,-0.579199981764564,0.304279719895579
1,82,1,2,-1.06077927344879,-1.96102190196563,-0.0680191108883691,-0.248386632436095,-0.579199981764564,6.43883491279708
1,83,0,-2,-0.250430280049345,-1.31074355817128,-0.276016121566309,-0.605717699062281,0.782029748646274,0.455859137228046
1,83,0,-1,-0.250430280049345,-1.31074355817128,-0.276016121566309,-0.605717699062281,0.782029748646274,0.444420100893132
1,83,0,0,-0.250430280049345,-1.31074355817128,-0.276016121566309,-0.605717699062281,0.782029748646274,0.791766325683386
1,83,0,1,-0.250430280049345,-1.31074355817128,-0.276016121566309,-0.605717699062281,0.782029748646274,1.45555148603552
1,83,0,2,-0.250430280049345,-1.31074355817128,-0.276016121566309,-0.605717699062281,0.782029748646274,2.67780413561795
1,84,1,-2,1.03603212782341,-0.0384880201992558,-1.1136970107059,0.0830680832448229,0.140300222198068,13.4645016044443
1,84,1,-1,1.03603212782341,-0.0384880201992558,-1.1136970107059,0.0830680832448229,0.140300222198068,7.45313254896576
1,84,1,0,1.03603212782341,-0.0384880201992558,-1.1136970107059,0.0830680832448229,0.140300222198068,3.21281912322448
1,84,1,1,1.03603212782341,-0.0384880201992558,-1.1136970107059,0.0830680832448229,0.140300222198068,12.0279975535691
1,84,1,2,1.03603212782341,-0.0384880201992558,-1.1136970107059,0.0830680832448229,0.140300222198068,12.1957755114807
1,85,1,-2,1.03603212782341,-0.0384880201992558,-1.1136970107059,0.0830680832448229,0.140300222198068,13.4645016044443
1,85,1,-1,1.03603212782341,-0.0384880201992558,-1.1136970107059,0.0830680832448229,0.140300222198068,7.45313254896576
1,85,1,0,1.03603212782341,-0.0384880201992558,-1.1136970107059,0.0830680832448229,0.140300222198068,3.21281912322448
1,85,1,1,1.03603212782341,-0.0384880201992558,-1.1136970107059,0.0830680832448229,0.140300222198068,12.0279975535691
1,85,1,2,1.03603212782341,-0.0384880201992558,-1.1136970107059,0.0830680832448229,0.140300222198068,12.1957755114807
1,86,0,-2,-0.642874275834974,-0.656928204925071,-0.793841912898525,0.719229187418967,1.99869062254278,0.763286983596239
1,86,0,-1,-0.642874275834974,-0.656928204925071,-0.793841912898525,0.719229187418967,1.99869062254278,8.20852766501703
1,86,1,0,-0.642874275834974,-0.656928204925071,-0.793841912898525,0.719229187418967,1.99869062254278,2.61291078979527
1,86,1,1,-0.642874275834974,-0.656928204925071,-0.793841912898525,0.719229187418967,1.99869062254278,4.58433681938906
1,86,0,2,-0.642874275834974,-0.656928204925071,-0.793841912898525,0.719229187418967,1.99869062254278,28.4456188542127
1,87,0,-2,1.59042630781294,1.2307600549126,1.8569161929355,0.728507428274088,-0.268255483306602,2.76094032224279
1,87,1,-1,1.59042630781294,1.2307600549126,1.8569161929355,0.728507428274088,-0.268255483306602,3.6576173547908
1,87,1,0,1.59042630781294,1.2307600549126,1.8569161929355,0.728507428274088,-0.268255483306602,15.3743197306525
1,87,1,1,1.59042630781294,1.2307600549126,1.8569161929355,0.728507428274088,-0.268255483306602,1.4420283304155
1,87,1,2,1.59042630781294,1.2307600549126,1.8569161929355,0.728507428274088,-0.268255483306602,50.0398996956155
1,88,1,-2,0.113747830240857,-1.67223798279669,-0.0539270039022635,1.00081979282714,0.535645549412701,0.244172321603188
1,88,1,-1,0.113747830240857,-1.67223798279669,-0.0539270039022635,1.00081979282714,0.535645549412701,0.672820143234348
1,88,1,0,0.113747830240857,-1.67223798279669,-0.0539270039022635,1.00081979282714,0.535645549412701,0.619254094952369
1,88,1,1,0.113747830240857,-1.67223798279669,-0.0539270039022635,1.00081979282714,0.535645549412701,0.613419319411582
1,88,0,2,0.113747830240857,-1.67223798279669,-0.0539270039022635,1.00081979282714,0.535645549412701,2.06578473349866
1,89,0,-2,-0.720213779715111,0.702660554825021,1.57928481589603,0.473142447259024,-0.186488485230354,0.0287629198621557
1,89,0,-1,-0.720213779715111,0.702660554825021,1.57928481589603,0.473142447259024,-0.186488485230354,0.188663400321529
1,89,1,0,-0.720213779715111,0.702660554825021,1.57928481589603,0.473142447259024,-0.186488485230354,0.375368532224094
1,89,0,1,-0.720213779715111,0.702660554825021,1.57928481589603,0.473142447259024,-0.186488485230354,0.728515535114275
1,89,1,2,-0.720213779715111,0.702660554825021,1.57928481589603,0.473142447259024,-0.186488485230354,1.66274943684321
1,90,1,-2,0.508379384792006,0.163709028090227,-1.13264852577643,0.11338388660863,-0.167499948323673,8.69414037739453
1,90,0,-1,0.508379384792006,0.163709028090227,-1.13264852577643,0.11338388660863,-0.167499948323673,3.96365798635104
1,90,0,0,0.508379384792006,0.163709028090227,-1.13264852577643,0.11338388660863,-0.167499948323673,3.86424208990243
1,90,1,1,0.508379384792006,0.163709028090227,-1.13264852577643,0.11338388660863,-0.167499948323673,16.1178794634651
1,90,1,2,0.508379384792006,0.163709028090227,-1.13264852577643,0.11338388660863,-0.167499948323673,5.93281592641636
1,91,1,-2,1.3243351883668,-0.251687325350296,0.589131191059889,-0.708777772215496,-0.0938273212040839,0.96861566555094
1,91,1,-1,1.3243351883668,-0.251687325350296,0.589131191059889,-0.708777772215496,-0.0938273212040839,4.3286363940758
1,91,1,0,1.3243351883668,-0.251687325350296,0.589131191059889,-0.708777772215496,-0.0938273212040839,3.03829818474004
1,91,1,1,1.3243351883668,-0.251687325350296,0.589131191059889,-0.708777772215496,-0.0938273212040839,7.6350314185691
1,91,1,2,1.3243351883668,-0.251687325350296,0.589131191059889,-0.708777772215496,-0.0938273212040839,3.12388953098412
1,92,0,-2,1.00198065845041,-1.06274077755746,-0.261233946200514,1.0652238716061,0.310983975616351,0.438313213690765
1,92,1,-1,1.00198065845041,-1.06274077755746,-0.261233946200514,1.0652238716061,0.310983975616351,0.314460144958316
1,92,1,0,1.00198065845041,-1.06274077755746,-0.261233946200514,1.0652238716061,0.310983975616351,0.594638818703957
1,92,0,1,1.00198065845041,-1.06274077755746,-0.261233946200514,1.0652238716061,0.310983975616351,1.5788839975737
1,92,1,2,1.00198065845041,-1.06274077755746,-0.261233946200514,1.0652238716061,0.310983975616351,41.3297144826014
1,93,0,-2,-0.357530185357362,0.0715492187711843,-0.590298518407964,0.691269782562691,0.040227337454138,0.500599216651048
1,93,0,-1,-0.357530185357362,0.0715492187711843,-0.590298518407964,0.691269782562691,0.040227337454138,1.09372489393923
1,93,1,0,-0.357530185357362,0.0715492187711843,-0.590298518407964,0.691269782562691,0.040227337454138,16.209109551364
1,93,0,1,-0.357530185357362,0.0715492187711843,-0.590298518407964,0.691269782562691,0.040227337454138,9.01299911672934
1,93,0,2,-0.357530185357362,0.0715492187711843,-0.590298518407964,0.691269782562691,0.040227337454138,6.7292145657744
1,94,1,-2,0.113747830240857,-1.67223798279669,-0.0539270039022635,1.00081979282714,0.535645549412701,0.244172321603188
1,94,1,-1,0.113747830240857,-1.67223798279669,-0.0539270039022635,1.00081979282714,0.535645549412701,0.672820143234348
1,94,1,0,0.113747830240857,-1.67223798279669,-0.0539270039022635,1.00081979282714,0.535645549412701,0.619254094952369
1,94,1,1,0.113747830240857,-1.67223798279669,-0.0539270039022635,1.00081979282714,0.535645549412701,0.613419319411582
1,94,0,2,0.113747830240857,-1.67223798279669,-0.0539270039022635,1.00081979282714,0.535645549412701,2.06578473349866
1,95,1,-2,0.113747830240857,-1.67223798279669,-0.0539270039022635,1.00081979282714,0.535645549412701,0.244172321603188
1,95,1,-1,0.113747830240857,-1.67223798279669,-0.0539270039022635,1.00081979282714,0.535645549412701,0.672820143234348
1,95,1,0,0.113747830240857,-1.67223798279669,-0.0539270039022635,1.00081979282714,0.535645549412701,0.619254094952369
1,95,1,1,0.113747830240857,-1.67223798279669,-0.0539270039022635,1.00081979282714,0.535645549412701,0.613419319411582
1,95,0,2,0.113747830240857,-1.67223798279669,-0.0539270039022635,1.00081979282714,0.535645549412701,2.06578473349866
1,96,0,-2,0.236780797031078,-0.0458546996785003,-0.942579875719847,-1.53546371150589,0.852901756092486,0.0126231960308746
1,96,0,-1,0.236780797031078,-0.0458546996785003,-0.942579875719847,-1.53546371150589,0.852901756092486,0.279070605883953
1,96,0,0,0.236780797031078,-0.0458546996785003,-0.942579875719847,-1.53546371150589,0.852901756092486,0.245179490998509
1,96,1,1,0.236780797031078,-0.0458546996785003,-0.942579875719847,-1.53546371150589,0.852901756092486,0.113163932291619
1,96,1,2,0.236780797031078,-0.0458546996785003,-0.942579875719847,-1.53546371150589,0.852901756092486,1.65738997733445
1,97,0,-2,-0.0397726723134418,0.640750618964052,0.534127657574427,0.499212124673393,0.164052000535543,0.0578354940608227
1,97,0,-1,-0.0397726723134418,0.640750618964052,0.534127657574427,0.499212124673393,0.164052000535543,0.0862594359885076
1,97,0,0,-0.0397726723134418,0.640750618964052,0.534127657574427,0.499212124673393,0.164052000535543,0.06812618539469
1,97,1,1,-0.0397726723134418,0.640750618964052,0.534127657574427,0.499212124673393,0.164052000535543,0.410916931048461
1,97,1,2,-0.0397726723134418,0.640750618964052,0.534127657574427,0.499212124673393,0.164052000535543,1.69746426236848
1,98,0,-2,-0.594063009920136,-1.52527133353679,-0.493119196718944,-0.161849162193736,-0.0822307170633164,4.28230574893152
1,98,0,-1,-0.594063009920136,-1.52527133353679,-0.493119196718944,-0.161849162193736,-0.0822307170633164,3.54780293424962
1,98,0,0,-0.594063009920136,-1.52527133353679,-0.493119196718944,-0.161849162193736,-0.0822307170633164,1.04642146402599
1,98,0,1,-0.594063009920136,-1.52527133353679,-0.493119196718944,-0.161849162193736,-0.0822307170633164,15.83266674389
1,98,0,2,-0.594063009920136,-1.52527133353679,-0.493119196718944,-0.161849162193736,-0.0822307170633164,10.2017204819409
1,99,0,-2,1.70550874971278,-0.110079180970867,-0.814618910933073,-1.86943007879202,-1.78744407087452,0.458342966410173
1,99,1,-1,1.70550874971278,-0.110079180970867,-0.814618910933073,-1.86943007879202,-1.78744407087452,0.102702771866911
1,99,1,0,1.70550874971278,-0.110079180970867,-0.814618910933073,-1.86943007879202,-1.78744407087452,0.208008504533268
1,99,1,1,1.70550874971278,-0.110079180970867,-0.814618910933073,-1.86943007879202,-1.78744407087452,0.748654184608012
1,99,1,2,1.70550874971278,-0.110079180970867,-0.814618910933073,-1.86943007879202,-1.78744407087452,0.514768663230889
1,100,1,-2,-0.142271175257836,-0.610001061310286,-0.292970373926139,1.1417368424185,0.968008231173408,4.09522083981809
1,100,0,-1,-0.142271175257836,-0.610001061310286,-0.292970373926139,1.1417368424185,0.968008231173408,0.666313757099229
1,100,0,0,-0.142271175257836,-0.610001061310286,-0.292970373926139,1.1417368424185,0.968008231173408,2.77821514981806
1,100,0,1,-0.142271175257836,-0.610001061310286,-0.292970373926139,1.1417368424185,0.968008231173408,2.08424516962475
1,100,1,2,-0.142271175257836,-0.610001061310286,-0.292970373926139,1.1417368424185,0.968008231173408,15.5462355438314
